-1.000000000000000000e+00,1.600000000000000000e+01,1.600000000000000000e+01,4.320000000000000000e+02,-7.000000000000000000e+00,8.000000000000000000e+00,8.000000000000000000e+00,1.696000000000000000e+03,-6.000000000000000000e+01,4.000000000000000000e+00
-1.000000000000000000e+00,1.600000000000000000e+01,1.600000000000000000e+01,1.040000000000000000e+02,5.360000000000000000e+02,1.040000000000000000e+02,5.360000000000000000e+02,0.000000000000000000e+00,0.000000000000000000e+00,4.000000000000000000e+00
-1.000000000000000000e+00,1.600000000000000000e+01,1.600000000000000000e+01,1.200000000000000000e+02,5.360000000000000000e+02,1.200000000000000000e+02,5.360000000000000000e+02,0.000000000000000000e+00,0.000000000000000000e+00,4.000000000000000000e+00
-1.000000000000000000e+00,1.600000000000000000e+01,1.600000000000000000e+01,1.360000000000000000e+02,5.360000000000000000e+02,1.360000000000000000e+02,5.360000000000000000e+02,0.000000000000000000e+00,0.000000000000000000e+00,4.000000000000000000e+00
-1.000000000000000000e+00,8.000000000000000000e+00,1.600000000000000000e+01,1.640000000000000000e+02,5.360000000000000000e+02,1.640000000000000000e+02,5.360000000000000000e+02,1.000000000000000000e+00,-1.000000000000000000e+00,4.000000000000000000e+00
-1.000000000000000000e+00,8.000000000000000000e+00,1.600000000000000000e+01,1.720000000000000000e+02,5.360000000000000000e+02,1.720000000000000000e+02,5.360000000000000000e+02,1.000000000000000000e+00,-1.000000000000000000e+00,4.000000000000000000e+00
-1.000000000000000000e+00,8.000000000000000000e+00,1.600000000000000000e+01,1.800000000000000000e+02,5.360000000000000000e+02,1.800000000000000000e+02,5.360000000000000000e+02,2.000000000000000000e+00,0.000000000000000000e+00,4.000000000000000000e+00
-1.000000000000000000e+00,8.000000000000000000e+00,1.600000000000000000e+01,1.880000000000000000e+02,5.360000000000000000e+02,1.880000000000000000e+02,5.360000000000000000e+02,1.000000000000000000e+00,0.000000000000000000e+00,4.000000000000000000e+00
-1.000000000000000000e+00,1.600000000000000000e+01,1.600000000000000000e+01,2.320000000000000000e+02,5.360000000000000000e+02,2.320000000000000000e+02,5.360000000000000000e+02,0.000000000000000000e+00,0.000000000000000000e+00,4.000000000000000000e+00
-1.000000000000000000e+00,1.600000000000000000e+01,1.600000000000000000e+01,2.480000000000000000e+02,5.360000000000000000e+02,2.480000000000000000e+02,5.360000000000000000e+02,0.000000000000000000e+00,0.000000000000000000e+00,4.000000000000000000e+00
-1.000000000000000000e+00,1.600000000000000000e+01,1.600000000000000000e+01,2.640000000000000000e+02,5.360000000000000000e+02,2.640000000000000000e+02,5.360000000000000000e+02,0.000000000000000000e+00,0.000000000000000000e+00,4.000000000000000000e+00
-1.000000000000000000e+00,1.600000000000000000e+01,1.600000000000000000e+01,2.800000000000000000e+02,5.360000000000000000e+02,2.800000000000000000e+02,5.360000000000000000e+02,0.000000000000000000e+00,0.000000000000000000e+00,4.000000000000000000e+00
-1.000000000000000000e+00,1.600000000000000000e+01,1.600000000000000000e+01,2.960000000000000000e+02,5.360000000000000000e+02,2.960000000000000000e+02,5.360000000000000000e+02,0.000000000000000000e+00,0.000000000000000000e+00,4.000000000000000000e+00
-1.000000000000000000e+00,1.600000000000000000e+01,1.600000000000000000e+01,1.040000000000000000e+02,5.520000000000000000e+02,1.040000000000000000e+02,5.520000000000000000e+02,0.000000000000000000e+00,0.000000000000000000e+00,4.000000000000000000e+00
-1.000000000000000000e+00,1.600000000000000000e+01,8.000000000000000000e+00,1.200000000000000000e+02,5.480000000000000000e+02,1.200000000000000000e+02,5.480000000000000000e+02,0.000000000000000000e+00,0.000000000000000000e+00,4.000000000000000000e+00
-1.000000000000000000e+00,1.600000000000000000e+01,8.000000000000000000e+00,1.200000000000000000e+02,5.560000000000000000e+02,1.200000000000000000e+02,5.560000000000000000e+02,1.000000000000000000e+00,0.000000000000000000e+00,4.000000000000000000e+00
-1.000000000000000000e+00,8.000000000000000000e+00,1.600000000000000000e+01,1.320000000000000000e+02,5.520000000000000000e+02,1.320000000000000000e+02,5.520000000000000000e+02,0.000000000000000000e+00,0.000000000000000000e+00,4.000000000000000000e+00
-1.000000000000000000e+00,8.000000000000000000e+00,1.600000000000000000e+01,1.400000000000000000e+02,5.520000000000000000e+02,1.400000000000000000e+02,5.520000000000000000e+02,0.000000000000000000e+00,1.000000000000000000e+00,4.000000000000000000e+00
-1.000000000000000000e+00,1.600000000000000000e+01,1.600000000000000000e+01,1.680000000000000000e+02,5.520000000000000000e+02,1.680000000000000000e+02,5.520000000000000000e+02,0.000000000000000000e+00,1.000000000000000000e+00,4.000000000000000000e+00
-1.000000000000000000e+00,1.600000000000000000e+01,1.600000000000000000e+01,1.840000000000000000e+02,5.520000000000000000e+02,1.840000000000000000e+02,5.520000000000000000e+02,0.000000000000000000e+00,0.000000000000000000e+00,4.000000000000000000e+00
-1.000000000000000000e+00,1.600000000000000000e+01,1.600000000000000000e+01,2.480000000000000000e+02,5.520000000000000000e+02,2.480000000000000000e+02,5.520000000000000000e+02,0.000000000000000000e+00,0.000000000000000000e+00,4.000000000000000000e+00
-1.000000000000000000e+00,1.600000000000000000e+01,1.600000000000000000e+01,2.640000000000000000e+02,5.520000000000000000e+02,2.640000000000000000e+02,5.520000000000000000e+02,0.000000000000000000e+00,0.000000000000000000e+00,4.000000000000000000e+00
-1.000000000000000000e+00,1.600000000000000000e+01,1.600000000000000000e+01,2.800000000000000000e+02,5.520000000000000000e+02,2.800000000000000000e+02,5.520000000000000000e+02,0.000000000000000000e+00,0.000000000000000000e+00,4.000000000000000000e+00
-1.000000000000000000e+00,1.600000000000000000e+01,1.600000000000000000e+01,2.960000000000000000e+02,5.520000000000000000e+02,2.960000000000000000e+02,5.520000000000000000e+02,0.000000000000000000e+00,0.000000000000000000e+00,4.000000000000000000e+00
-1.000000000000000000e+00,8.000000000000000000e+00,8.000000000000000000e+00,1.000000000000000000e+02,5.640000000000000000e+02,1.000000000000000000e+02,5.640000000000000000e+02,0.000000000000000000e+00,0.000000000000000000e+00,4.000000000000000000e+00
-1.000000000000000000e+00,8.000000000000000000e+00,8.000000000000000000e+00,1.080000000000000000e+02,5.640000000000000000e+02,1.080000000000000000e+02,5.640000000000000000e+02,0.000000000000000000e+00,1.000000000000000000e+00,4.000000000000000000e+00
-1.000000000000000000e+00,8.000000000000000000e+00,8.000000000000000000e+00,1.000000000000000000e+02,5.720000000000000000e+02,1.000000000000000000e+02,5.720000000000000000e+02,1.000000000000000000e+00,0.000000000000000000e+00,4.000000000000000000e+00
-1.000000000000000000e+00,8.000000000000000000e+00,8.000000000000000000e+00,1.080000000000000000e+02,5.720000000000000000e+02,1.080000000000000000e+02,5.720000000000000000e+02,0.000000000000000000e+00,0.000000000000000000e+00,4.000000000000000000e+00
-1.000000000000000000e+00,8.000000000000000000e+00,1.600000000000000000e+01,1.160000000000000000e+02,5.680000000000000000e+02,1.160000000000000000e+02,5.680000000000000000e+02,1.000000000000000000e+00,0.000000000000000000e+00,4.000000000000000000e+00
-1.000000000000000000e+00,8.000000000000000000e+00,1.600000000000000000e+01,1.240000000000000000e+02,5.680000000000000000e+02,1.240000000000000000e+02,5.680000000000000000e+02,0.000000000000000000e+00,0.000000000000000000e+00,4.000000000000000000e+00
-1.000000000000000000e+00,1.600000000000000000e+01,1.600000000000000000e+01,1.360000000000000000e+02,5.680000000000000000e+02,1.360000000000000000e+02,5.680000000000000000e+02,0.000000000000000000e+00,0.000000000000000000e+00,4.000000000000000000e+00
-1.000000000000000000e+00,8.000000000000000000e+00,8.000000000000000000e+00,1.480000000000000000e+02,5.640000000000000000e+02,1.480000000000000000e+02,5.640000000000000000e+02,0.000000000000000000e+00,0.000000000000000000e+00,4.000000000000000000e+00
-1.000000000000000000e+00,8.000000000000000000e+00,8.000000000000000000e+00,1.560000000000000000e+02,5.640000000000000000e+02,1.560000000000000000e+02,5.640000000000000000e+02,0.000000000000000000e+00,0.000000000000000000e+00,4.000000000000000000e+00
-1.000000000000000000e+00,8.000000000000000000e+00,8.000000000000000000e+00,1.480000000000000000e+02,5.720000000000000000e+02,1.480000000000000000e+02,5.720000000000000000e+02,-1.000000000000000000e+00,0.000000000000000000e+00,4.000000000000000000e+00
-1.000000000000000000e+00,8.000000000000000000e+00,8.000000000000000000e+00,1.560000000000000000e+02,5.720000000000000000e+02,1.560000000000000000e+02,5.720000000000000000e+02,0.000000000000000000e+00,0.000000000000000000e+00,4.000000000000000000e+00
-1.000000000000000000e+00,8.000000000000000000e+00,8.000000000000000000e+00,1.640000000000000000e+02,5.640000000000000000e+02,1.640000000000000000e+02,5.640000000000000000e+02,0.000000000000000000e+00,-1.000000000000000000e+00,4.000000000000000000e+00
-1.000000000000000000e+00,8.000000000000000000e+00,8.000000000000000000e+00,1.720000000000000000e+02,5.640000000000000000e+02,1.720000000000000000e+02,5.640000000000000000e+02,-1.000000000000000000e+00,-1.000000000000000000e+00,4.000000000000000000e+00
-1.000000000000000000e+00,8.000000000000000000e+00,8.000000000000000000e+00,1.640000000000000000e+02,5.750000000000000000e+02,1.640000000000000000e+02,5.720000000000000000e+02,0.000000000000000000e+00,1.300000000000000000e+01,4.000000000000000000e+00
-1.000000000000000000e+00,8.000000000000000000e+00,8.000000000000000000e+00,1.720000000000000000e+02,5.720000000000000000e+02,1.720000000000000000e+02,5.720000000000000000e+02,0.000000000000000000e+00,0.000000000000000000e+00,4.000000000000000000e+00
-1.000000000000000000e+00,1.600000000000000000e+01,1.600000000000000000e+01,1.840000000000000000e+02,5.680000000000000000e+02,1.840000000000000000e+02,5.680000000000000000e+02,0.000000000000000000e+00,0.000000000000000000e+00,4.000000000000000000e+00
-1.000000000000000000e+00,1.600000000000000000e+01,1.600000000000000000e+01,2.480000000000000000e+02,5.680000000000000000e+02,2.480000000000000000e+02,5.680000000000000000e+02,0.000000000000000000e+00,0.000000000000000000e+00,4.000000000000000000e+00
-1.000000000000000000e+00,1.600000000000000000e+01,1.600000000000000000e+01,2.640000000000000000e+02,5.680000000000000000e+02,2.640000000000000000e+02,5.680000000000000000e+02,0.000000000000000000e+00,0.000000000000000000e+00,4.000000000000000000e+00
-1.000000000000000000e+00,1.600000000000000000e+01,1.600000000000000000e+01,2.800000000000000000e+02,5.680000000000000000e+02,2.800000000000000000e+02,5.680000000000000000e+02,0.000000000000000000e+00,0.000000000000000000e+00,4.000000000000000000e+00
-1.000000000000000000e+00,1.600000000000000000e+01,1.600000000000000000e+01,2.960000000000000000e+02,5.680000000000000000e+02,2.960000000000000000e+02,5.680000000000000000e+02,0.000000000000000000e+00,0.000000000000000000e+00,4.000000000000000000e+00
-1.000000000000000000e+00,1.600000000000000000e+01,1.600000000000000000e+01,3.120000000000000000e+02,5.680000000000000000e+02,3.120000000000000000e+02,5.680000000000000000e+02,0.000000000000000000e+00,0.000000000000000000e+00,4.000000000000000000e+00
-1.000000000000000000e+00,8.000000000000000000e+00,8.000000000000000000e+00,5.200000000000000000e+01,5.800000000000000000e+02,5.200000000000000000e+01,5.800000000000000000e+02,3.000000000000000000e+00,0.000000000000000000e+00,4.000000000000000000e+00
-1.000000000000000000e+00,8.000000000000000000e+00,8.000000000000000000e+00,6.000000000000000000e+01,5.800000000000000000e+02,6.000000000000000000e+01,5.800000000000000000e+02,0.000000000000000000e+00,0.000000000000000000e+00,4.000000000000000000e+00
-1.000000000000000000e+00,8.000000000000000000e+00,8.000000000000000000e+00,5.200000000000000000e+01,5.880000000000000000e+02,5.200000000000000000e+01,5.880000000000000000e+02,2.000000000000000000e+00,0.000000000000000000e+00,4.000000000000000000e+00
-1.000000000000000000e+00,8.000000000000000000e+00,8.000000000000000000e+00,5.600000000000000000e+01,5.880000000000000000e+02,6.000000000000000000e+01,5.880000000000000000e+02,-1.900000000000000000e+01,1.000000000000000000e+00,4.000000000000000000e+00
-1.000000000000000000e+00,1.600000000000000000e+01,1.600000000000000000e+01,2.160000000000000000e+02,5.840000000000000000e+02,2.160000000000000000e+02,5.840000000000000000e+02,0.000000000000000000e+00,0.000000000000000000e+00,4.000000000000000000e+00
-1.000000000000000000e+00,1.600000000000000000e+01,8.000000000000000000e+00,2.320000000000000000e+02,5.800000000000000000e+02,2.320000000000000000e+02,5.800000000000000000e+02,0.000000000000000000e+00,0.000000000000000000e+00,4.000000000000000000e+00
-1.000000000000000000e+00,1.600000000000000000e+01,8.000000000000000000e+00,2.320000000000000000e+02,5.880000000000000000e+02,2.320000000000000000e+02,5.880000000000000000e+02,0.000000000000000000e+00,2.000000000000000000e+00,4.000000000000000000e+00
-1.000000000000000000e+00,1.600000000000000000e+01,1.600000000000000000e+01,2.480000000000000000e+02,5.840000000000000000e+02,2.480000000000000000e+02,5.840000000000000000e+02,0.000000000000000000e+00,0.000000000000000000e+00,4.000000000000000000e+00
-1.000000000000000000e+00,1.600000000000000000e+01,1.600000000000000000e+01,2.640000000000000000e+02,5.840000000000000000e+02,2.640000000000000000e+02,5.840000000000000000e+02,0.000000000000000000e+00,0.000000000000000000e+00,4.000000000000000000e+00
-1.000000000000000000e+00,1.600000000000000000e+01,1.600000000000000000e+01,2.800000000000000000e+02,5.840000000000000000e+02,2.800000000000000000e+02,5.840000000000000000e+02,0.000000000000000000e+00,0.000000000000000000e+00,4.000000000000000000e+00
-1.000000000000000000e+00,1.600000000000000000e+01,1.600000000000000000e+01,2.960000000000000000e+02,5.840000000000000000e+02,2.960000000000000000e+02,5.840000000000000000e+02,0.000000000000000000e+00,0.000000000000000000e+00,4.000000000000000000e+00
-1.000000000000000000e+00,1.600000000000000000e+01,1.600000000000000000e+01,3.120000000000000000e+02,5.840000000000000000e+02,3.120000000000000000e+02,5.840000000000000000e+02,0.000000000000000000e+00,0.000000000000000000e+00,4.000000000000000000e+00
-1.000000000000000000e+00,8.000000000000000000e+00,8.000000000000000000e+00,5.200000000000000000e+01,5.960000000000000000e+02,5.200000000000000000e+01,5.960000000000000000e+02,2.000000000000000000e+00,0.000000000000000000e+00,4.000000000000000000e+00
-1.000000000000000000e+00,8.000000000000000000e+00,8.000000000000000000e+00,6.000000000000000000e+01,5.960000000000000000e+02,6.000000000000000000e+01,5.960000000000000000e+02,0.000000000000000000e+00,0.000000000000000000e+00,4.000000000000000000e+00
-1.000000000000000000e+00,8.000000000000000000e+00,8.000000000000000000e+00,5.200000000000000000e+01,6.040000000000000000e+02,5.200000000000000000e+01,6.040000000000000000e+02,3.000000000000000000e+00,0.000000000000000000e+00,4.000000000000000000e+00
-1.000000000000000000e+00,8.000000000000000000e+00,8.000000000000000000e+00,6.000000000000000000e+01,6.040000000000000000e+02,6.000000000000000000e+01,6.040000000000000000e+02,0.000000000000000000e+00,0.000000000000000000e+00,4.000000000000000000e+00
-1.000000000000000000e+00,1.600000000000000000e+01,1.600000000000000000e+01,7.200000000000000000e+01,6.000000000000000000e+02,7.200000000000000000e+01,6.000000000000000000e+02,0.000000000000000000e+00,0.000000000000000000e+00,4.000000000000000000e+00
-1.000000000000000000e+00,1.600000000000000000e+01,1.600000000000000000e+01,8.800000000000000000e+01,6.000000000000000000e+02,8.800000000000000000e+01,6.000000000000000000e+02,0.000000000000000000e+00,0.000000000000000000e+00,4.000000000000000000e+00
-1.000000000000000000e+00,1.600000000000000000e+01,1.600000000000000000e+01,1.040000000000000000e+02,6.000000000000000000e+02,1.040000000000000000e+02,6.000000000000000000e+02,0.000000000000000000e+00,0.000000000000000000e+00,4.000000000000000000e+00
-1.000000000000000000e+00,1.600000000000000000e+01,1.600000000000000000e+01,1.200000000000000000e+02,6.000000000000000000e+02,1.200000000000000000e+02,6.000000000000000000e+02,0.000000000000000000e+00,0.000000000000000000e+00,4.000000000000000000e+00
-1.000000000000000000e+00,1.600000000000000000e+01,1.600000000000000000e+01,1.360000000000000000e+02,6.000000000000000000e+02,1.360000000000000000e+02,6.000000000000000000e+02,0.000000000000000000e+00,0.000000000000000000e+00,4.000000000000000000e+00
-1.000000000000000000e+00,8.000000000000000000e+00,8.000000000000000000e+00,5.200000000000000000e+01,6.140000000000000000e+02,5.200000000000000000e+01,6.120000000000000000e+02,1.000000000000000000e+00,9.000000000000000000e+00,4.000000000000000000e+00
-1.000000000000000000e+00,8.000000000000000000e+00,8.000000000000000000e+00,6.000000000000000000e+01,6.120000000000000000e+02,6.000000000000000000e+01,6.120000000000000000e+02,0.000000000000000000e+00,0.000000000000000000e+00,4.000000000000000000e+00
-1.000000000000000000e+00,8.000000000000000000e+00,8.000000000000000000e+00,5.200000000000000000e+01,6.200000000000000000e+02,5.200000000000000000e+01,6.200000000000000000e+02,1.000000000000000000e+00,1.000000000000000000e+00,4.000000000000000000e+00
-1.000000000000000000e+00,8.000000000000000000e+00,8.000000000000000000e+00,6.000000000000000000e+01,6.200000000000000000e+02,6.000000000000000000e+01,6.200000000000000000e+02,3.000000000000000000e+00,1.000000000000000000e+00,4.000000000000000000e+00
-1.000000000000000000e+00,1.600000000000000000e+01,8.000000000000000000e+00,7.200000000000000000e+01,6.120000000000000000e+02,7.200000000000000000e+01,6.120000000000000000e+02,0.000000000000000000e+00,0.000000000000000000e+00,4.000000000000000000e+00
-1.000000000000000000e+00,1.600000000000000000e+01,8.000000000000000000e+00,7.200000000000000000e+01,6.200000000000000000e+02,7.200000000000000000e+01,6.200000000000000000e+02,3.000000000000000000e+00,3.000000000000000000e+00,4.000000000000000000e+00
-1.000000000000000000e+00,1.600000000000000000e+01,1.600000000000000000e+01,8.800000000000000000e+01,6.160000000000000000e+02,8.800000000000000000e+01,6.160000000000000000e+02,0.000000000000000000e+00,0.000000000000000000e+00,4.000000000000000000e+00
-1.000000000000000000e+00,1.600000000000000000e+01,8.000000000000000000e+00,1.040000000000000000e+02,6.120000000000000000e+02,1.040000000000000000e+02,6.120000000000000000e+02,0.000000000000000000e+00,0.000000000000000000e+00,4.000000000000000000e+00
-1.000000000000000000e+00,1.600000000000000000e+01,8.000000000000000000e+00,1.040000000000000000e+02,6.210000000000000000e+02,1.040000000000000000e+02,6.200000000000000000e+02,0.000000000000000000e+00,4.000000000000000000e+00,4.000000000000000000e+00
-1.000000000000000000e+00,1.600000000000000000e+01,8.000000000000000000e+00,1.200000000000000000e+02,6.120000000000000000e+02,1.200000000000000000e+02,6.120000000000000000e+02,0.000000000000000000e+00,0.000000000000000000e+00,4.000000000000000000e+00
-1.000000000000000000e+00,1.600000000000000000e+01,8.000000000000000000e+00,1.400000000000000000e+02,6.210000000000000000e+02,1.200000000000000000e+02,6.200000000000000000e+02,8.000000000000000000e+01,4.000000000000000000e+00,4.000000000000000000e+00
-1.000000000000000000e+00,1.600000000000000000e+01,1.600000000000000000e+01,1.360000000000000000e+02,6.160000000000000000e+02,1.360000000000000000e+02,6.160000000000000000e+02,0.000000000000000000e+00,0.000000000000000000e+00,4.000000000000000000e+00
-1.000000000000000000e+00,8.000000000000000000e+00,8.000000000000000000e+00,5.200000000000000000e+01,6.280000000000000000e+02,5.200000000000000000e+01,6.280000000000000000e+02,1.000000000000000000e+00,-1.000000000000000000e+00,4.000000000000000000e+00
-1.000000000000000000e+00,8.000000000000000000e+00,8.000000000000000000e+00,6.000000000000000000e+01,6.280000000000000000e+02,6.000000000000000000e+01,6.280000000000000000e+02,3.000000000000000000e+00,0.000000000000000000e+00,4.000000000000000000e+00
-1.000000000000000000e+00,8.000000000000000000e+00,8.000000000000000000e+00,5.200000000000000000e+01,6.360000000000000000e+02,5.200000000000000000e+01,6.360000000000000000e+02,0.000000000000000000e+00,0.000000000000000000e+00,4.000000000000000000e+00
-1.000000000000000000e+00,8.000000000000000000e+00,8.000000000000000000e+00,6.000000000000000000e+01,6.360000000000000000e+02,6.000000000000000000e+01,6.360000000000000000e+02,0.000000000000000000e+00,0.000000000000000000e+00,4.000000000000000000e+00
-1.000000000000000000e+00,8.000000000000000000e+00,8.000000000000000000e+00,6.800000000000000000e+01,6.270000000000000000e+02,6.800000000000000000e+01,6.280000000000000000e+02,3.000000000000000000e+00,-6.000000000000000000e+00,4.000000000000000000e+00
-1.000000000000000000e+00,8.000000000000000000e+00,8.000000000000000000e+00,7.600000000000000000e+01,6.280000000000000000e+02,7.600000000000000000e+01,6.280000000000000000e+02,3.000000000000000000e+00,0.000000000000000000e+00,4.000000000000000000e+00
-1.000000000000000000e+00,8.000000000000000000e+00,8.000000000000000000e+00,6.800000000000000000e+01,6.360000000000000000e+02,6.800000000000000000e+01,6.360000000000000000e+02,0.000000000000000000e+00,0.000000000000000000e+00,4.000000000000000000e+00
-1.000000000000000000e+00,8.000000000000000000e+00,8.000000000000000000e+00,7.600000000000000000e+01,6.360000000000000000e+02,7.600000000000000000e+01,6.360000000000000000e+02,0.000000000000000000e+00,0.000000000000000000e+00,4.000000000000000000e+00
-1.000000000000000000e+00,1.600000000000000000e+01,1.600000000000000000e+01,8.800000000000000000e+01,6.320000000000000000e+02,8.800000000000000000e+01,6.320000000000000000e+02,0.000000000000000000e+00,0.000000000000000000e+00,4.000000000000000000e+00
-1.000000000000000000e+00,1.600000000000000000e+01,1.600000000000000000e+01,1.040000000000000000e+02,6.320000000000000000e+02,1.040000000000000000e+02,6.320000000000000000e+02,0.000000000000000000e+00,0.000000000000000000e+00,4.000000000000000000e+00
-1.000000000000000000e+00,1.600000000000000000e+01,8.000000000000000000e+00,1.400000000000000000e+02,6.280000000000000000e+02,1.200000000000000000e+02,6.280000000000000000e+02,8.200000000000000000e+01,0.000000000000000000e+00,4.000000000000000000e+00
-1.000000000000000000e+00,1.600000000000000000e+01,8.000000000000000000e+00,1.200000000000000000e+02,6.360000000000000000e+02,1.200000000000000000e+02,6.360000000000000000e+02,0.000000000000000000e+00,0.000000000000000000e+00,4.000000000000000000e+00
-1.000000000000000000e+00,1.600000000000000000e+01,8.000000000000000000e+00,1.560000000000000000e+02,6.260000000000000000e+02,1.360000000000000000e+02,6.280000000000000000e+02,8.100000000000000000e+01,-1.100000000000000000e+01,4.000000000000000000e+00
-1.000000000000000000e+00,1.600000000000000000e+01,8.000000000000000000e+00,1.360000000000000000e+02,6.360000000000000000e+02,1.360000000000000000e+02,6.360000000000000000e+02,0.000000000000000000e+00,0.000000000000000000e+00,4.000000000000000000e+00
-1.000000000000000000e+00,1.600000000000000000e+01,1.600000000000000000e+01,1.520000000000000000e+02,6.320000000000000000e+02,1.520000000000000000e+02,6.320000000000000000e+02,0.000000000000000000e+00,0.000000000000000000e+00,4.000000000000000000e+00
-1.000000000000000000e+00,1.600000000000000000e+01,1.600000000000000000e+01,1.680000000000000000e+02,6.320000000000000000e+02,1.680000000000000000e+02,6.320000000000000000e+02,0.000000000000000000e+00,0.000000000000000000e+00,4.000000000000000000e+00
-1.000000000000000000e+00,1.600000000000000000e+01,1.600000000000000000e+01,1.840000000000000000e+02,6.320000000000000000e+02,1.840000000000000000e+02,6.320000000000000000e+02,0.000000000000000000e+00,0.000000000000000000e+00,4.000000000000000000e+00
-1.000000000000000000e+00,1.600000000000000000e+01,1.600000000000000000e+01,2.000000000000000000e+02,6.320000000000000000e+02,2.000000000000000000e+02,6.320000000000000000e+02,0.000000000000000000e+00,0.000000000000000000e+00,4.000000000000000000e+00
-1.000000000000000000e+00,1.600000000000000000e+01,1.600000000000000000e+01,2.160000000000000000e+02,6.320000000000000000e+02,2.160000000000000000e+02,6.320000000000000000e+02,0.000000000000000000e+00,0.000000000000000000e+00,4.000000000000000000e+00
-1.000000000000000000e+00,1.600000000000000000e+01,1.600000000000000000e+01,2.320000000000000000e+02,6.320000000000000000e+02,2.320000000000000000e+02,6.320000000000000000e+02,0.000000000000000000e+00,0.000000000000000000e+00,4.000000000000000000e+00
-1.000000000000000000e+00,1.600000000000000000e+01,1.600000000000000000e+01,2.480000000000000000e+02,6.320000000000000000e+02,2.480000000000000000e+02,6.320000000000000000e+02,0.000000000000000000e+00,0.000000000000000000e+00,4.000000000000000000e+00
-1.000000000000000000e+00,1.600000000000000000e+01,8.000000000000000000e+00,2.640000000000000000e+02,6.270000000000000000e+02,2.640000000000000000e+02,6.280000000000000000e+02,0.000000000000000000e+00,-4.000000000000000000e+00,4.000000000000000000e+00
-1.000000000000000000e+00,1.600000000000000000e+01,8.000000000000000000e+00,2.640000000000000000e+02,6.360000000000000000e+02,2.640000000000000000e+02,6.360000000000000000e+02,0.000000000000000000e+00,0.000000000000000000e+00,4.000000000000000000e+00
-1.000000000000000000e+00,1.600000000000000000e+01,8.000000000000000000e+00,2.800000000000000000e+02,6.270000000000000000e+02,2.800000000000000000e+02,6.280000000000000000e+02,0.000000000000000000e+00,-4.000000000000000000e+00,4.000000000000000000e+00
-1.000000000000000000e+00,1.600000000000000000e+01,8.000000000000000000e+00,2.800000000000000000e+02,6.360000000000000000e+02,2.800000000000000000e+02,6.360000000000000000e+02,0.000000000000000000e+00,0.000000000000000000e+00,4.000000000000000000e+00
-1.000000000000000000e+00,1.600000000000000000e+01,8.000000000000000000e+00,2.960000000000000000e+02,6.250000000000000000e+02,2.960000000000000000e+02,6.280000000000000000e+02,0.000000000000000000e+00,-1.200000000000000000e+01,4.000000000000000000e+00
-1.000000000000000000e+00,1.600000000000000000e+01,8.000000000000000000e+00,2.960000000000000000e+02,6.360000000000000000e+02,2.960000000000000000e+02,6.360000000000000000e+02,0.000000000000000000e+00,0.000000000000000000e+00,4.000000000000000000e+00
-1.000000000000000000e+00,1.600000000000000000e+01,8.000000000000000000e+00,3.120000000000000000e+02,6.250000000000000000e+02,3.120000000000000000e+02,6.280000000000000000e+02,0.000000000000000000e+00,-1.200000000000000000e+01,4.000000000000000000e+00
-1.000000000000000000e+00,1.600000000000000000e+01,8.000000000000000000e+00,3.120000000000000000e+02,6.360000000000000000e+02,3.120000000000000000e+02,6.360000000000000000e+02,0.000000000000000000e+00,0.000000000000000000e+00,4.000000000000000000e+00
-1.000000000000000000e+00,8.000000000000000000e+00,8.000000000000000000e+00,5.200000000000000000e+01,6.440000000000000000e+02,5.200000000000000000e+01,6.440000000000000000e+02,1.000000000000000000e+00,0.000000000000000000e+00,4.000000000000000000e+00
-1.000000000000000000e+00,8.000000000000000000e+00,8.000000000000000000e+00,6.000000000000000000e+01,6.440000000000000000e+02,6.000000000000000000e+01,6.440000000000000000e+02,0.000000000000000000e+00,0.000000000000000000e+00,4.000000000000000000e+00
-1.000000000000000000e+00,8.000000000000000000e+00,8.000000000000000000e+00,5.200000000000000000e+01,6.520000000000000000e+02,5.200000000000000000e+01,6.520000000000000000e+02,2.000000000000000000e+00,0.000000000000000000e+00,4.000000000000000000e+00
-1.000000000000000000e+00,8.000000000000000000e+00,8.000000000000000000e+00,6.000000000000000000e+01,6.520000000000000000e+02,6.000000000000000000e+01,6.520000000000000000e+02,2.000000000000000000e+00,0.000000000000000000e+00,4.000000000000000000e+00
-1.000000000000000000e+00,1.600000000000000000e+01,1.600000000000000000e+01,7.200000000000000000e+01,6.480000000000000000e+02,7.200000000000000000e+01,6.480000000000000000e+02,0.000000000000000000e+00,0.000000000000000000e+00,4.000000000000000000e+00
-1.000000000000000000e+00,1.600000000000000000e+01,1.600000000000000000e+01,8.800000000000000000e+01,6.480000000000000000e+02,8.800000000000000000e+01,6.480000000000000000e+02,0.000000000000000000e+00,0.000000000000000000e+00,4.000000000000000000e+00
-1.000000000000000000e+00,8.000000000000000000e+00,8.000000000000000000e+00,1.000000000000000000e+02,6.440000000000000000e+02,1.000000000000000000e+02,6.440000000000000000e+02,0.000000000000000000e+00,0.000000000000000000e+00,4.000000000000000000e+00
-1.000000000000000000e+00,8.000000000000000000e+00,8.000000000000000000e+00,1.080000000000000000e+02,6.440000000000000000e+02,1.080000000000000000e+02,6.440000000000000000e+02,0.000000000000000000e+00,1.000000000000000000e+00,4.000000000000000000e+00
-1.000000000000000000e+00,8.000000000000000000e+00,8.000000000000000000e+00,1.000000000000000000e+02,6.520000000000000000e+02,1.000000000000000000e+02,6.520000000000000000e+02,0.000000000000000000e+00,0.000000000000000000e+00,4.000000000000000000e+00
-1.000000000000000000e+00,8.000000000000000000e+00,8.000000000000000000e+00,1.080000000000000000e+02,6.520000000000000000e+02,1.080000000000000000e+02,6.520000000000000000e+02,0.000000000000000000e+00,0.000000000000000000e+00,4.000000000000000000e+00
-1.000000000000000000e+00,8.000000000000000000e+00,8.000000000000000000e+00,1.160000000000000000e+02,6.440000000000000000e+02,1.160000000000000000e+02,6.440000000000000000e+02,0.000000000000000000e+00,0.000000000000000000e+00,4.000000000000000000e+00
-1.000000000000000000e+00,8.000000000000000000e+00,8.000000000000000000e+00,1.240000000000000000e+02,6.440000000000000000e+02,1.240000000000000000e+02,6.440000000000000000e+02,0.000000000000000000e+00,0.000000000000000000e+00,4.000000000000000000e+00
-1.000000000000000000e+00,8.000000000000000000e+00,8.000000000000000000e+00,1.160000000000000000e+02,6.520000000000000000e+02,1.160000000000000000e+02,6.520000000000000000e+02,0.000000000000000000e+00,0.000000000000000000e+00,4.000000000000000000e+00
-1.000000000000000000e+00,8.000000000000000000e+00,8.000000000000000000e+00,1.240000000000000000e+02,6.520000000000000000e+02,1.240000000000000000e+02,6.520000000000000000e+02,0.000000000000000000e+00,-1.000000000000000000e+00,4.000000000000000000e+00
-1.000000000000000000e+00,1.600000000000000000e+01,8.000000000000000000e+00,1.360000000000000000e+02,6.440000000000000000e+02,1.360000000000000000e+02,6.440000000000000000e+02,0.000000000000000000e+00,0.000000000000000000e+00,4.000000000000000000e+00
-1.000000000000000000e+00,1.600000000000000000e+01,8.000000000000000000e+00,1.360000000000000000e+02,6.520000000000000000e+02,1.360000000000000000e+02,6.520000000000000000e+02,0.000000000000000000e+00,-1.000000000000000000e+00,4.000000000000000000e+00
-1.000000000000000000e+00,8.000000000000000000e+00,8.000000000000000000e+00,1.480000000000000000e+02,6.440000000000000000e+02,1.480000000000000000e+02,6.440000000000000000e+02,0.000000000000000000e+00,0.000000000000000000e+00,4.000000000000000000e+00
-1.000000000000000000e+00,8.000000000000000000e+00,8.000000000000000000e+00,1.560000000000000000e+02,6.440000000000000000e+02,1.560000000000000000e+02,6.440000000000000000e+02,0.000000000000000000e+00,0.000000000000000000e+00,4.000000000000000000e+00
-1.000000000000000000e+00,8.000000000000000000e+00,8.000000000000000000e+00,1.480000000000000000e+02,6.520000000000000000e+02,1.480000000000000000e+02,6.520000000000000000e+02,0.000000000000000000e+00,-1.000000000000000000e+00,4.000000000000000000e+00
-1.000000000000000000e+00,8.000000000000000000e+00,8.000000000000000000e+00,1.560000000000000000e+02,6.520000000000000000e+02,1.560000000000000000e+02,6.520000000000000000e+02,0.000000000000000000e+00,0.000000000000000000e+00,4.000000000000000000e+00
-1.000000000000000000e+00,1.600000000000000000e+01,1.600000000000000000e+01,1.680000000000000000e+02,6.480000000000000000e+02,1.680000000000000000e+02,6.480000000000000000e+02,0.000000000000000000e+00,0.000000000000000000e+00,4.000000000000000000e+00
-1.000000000000000000e+00,1.600000000000000000e+01,1.600000000000000000e+01,1.840000000000000000e+02,6.480000000000000000e+02,1.840000000000000000e+02,6.480000000000000000e+02,0.000000000000000000e+00,0.000000000000000000e+00,4.000000000000000000e+00
-1.000000000000000000e+00,1.600000000000000000e+01,1.600000000000000000e+01,2.000000000000000000e+02,6.480000000000000000e+02,2.000000000000000000e+02,6.480000000000000000e+02,0.000000000000000000e+00,0.000000000000000000e+00,4.000000000000000000e+00
-1.000000000000000000e+00,1.600000000000000000e+01,8.000000000000000000e+00,2.640000000000000000e+02,6.440000000000000000e+02,2.640000000000000000e+02,6.440000000000000000e+02,0.000000000000000000e+00,0.000000000000000000e+00,4.000000000000000000e+00
-1.000000000000000000e+00,1.600000000000000000e+01,8.000000000000000000e+00,2.470000000000000000e+02,6.520000000000000000e+02,2.640000000000000000e+02,6.520000000000000000e+02,-6.800000000000000000e+01,0.000000000000000000e+00,4.000000000000000000e+00
-1.000000000000000000e+00,1.600000000000000000e+01,8.000000000000000000e+00,2.800000000000000000e+02,6.440000000000000000e+02,2.800000000000000000e+02,6.440000000000000000e+02,0.000000000000000000e+00,0.000000000000000000e+00,4.000000000000000000e+00
-1.000000000000000000e+00,1.600000000000000000e+01,8.000000000000000000e+00,2.470000000000000000e+02,6.520000000000000000e+02,2.800000000000000000e+02,6.520000000000000000e+02,-1.320000000000000000e+02,0.000000000000000000e+00,4.000000000000000000e+00
-1.000000000000000000e+00,1.600000000000000000e+01,8.000000000000000000e+00,2.960000000000000000e+02,6.440000000000000000e+02,2.960000000000000000e+02,6.440000000000000000e+02,0.000000000000000000e+00,0.000000000000000000e+00,4.000000000000000000e+00
-1.000000000000000000e+00,1.600000000000000000e+01,8.000000000000000000e+00,2.470000000000000000e+02,6.520000000000000000e+02,2.960000000000000000e+02,6.520000000000000000e+02,-1.960000000000000000e+02,0.000000000000000000e+00,4.000000000000000000e+00
-1.000000000000000000e+00,1.600000000000000000e+01,8.000000000000000000e+00,3.120000000000000000e+02,6.440000000000000000e+02,3.120000000000000000e+02,6.440000000000000000e+02,0.000000000000000000e+00,0.000000000000000000e+00,4.000000000000000000e+00
-1.000000000000000000e+00,1.600000000000000000e+01,8.000000000000000000e+00,2.470000000000000000e+02,6.520000000000000000e+02,3.120000000000000000e+02,6.520000000000000000e+02,-2.600000000000000000e+02,0.000000000000000000e+00,4.000000000000000000e+00
